{"accountSettings":{"template":2,"isCustomized":false,"colorSettings":{"navigationBGColor":"rgb(255, 255, 255)","navigationTextColor":"rgb(0, 0, 0)","navigationBorderColor":"rgb(255, 255, 255)","contentBGColor":"rgb(255, 255, 255, 0)","contentTextColor":"rgb(0, 0, 0)","primaryButtonBGColor":"rgb(0, 0, 0)","primaryButtonTextColor":"rgb(255, 255, 255)","secondaryButtonBGColor":"rgb(0, 0, 0)","secondaryButtonTextColor":"rgb(0, 0, 0)","badgeBGColor":"rgb(0, 0, 0)","badgeTextColor":"rgb(255, 255, 255)","linkColor":"rgb(0, 0, 0)"}}}