{"current":{"color_body_bg":"#ffffff","color_body_text":"#000000","color_button":"#000000","color_button_text":"#ffffff","color_sale_price":"#000000","color_sale_tag":"#990000","color_cart_dot":"#ab925f","color_cart_dot_text":"#ffffff","color_alt_bg":"#f9f9f9","color_alt_text":"#000000","color_announcement":"#ab925f","color_announcement_text":"#ffffff","color_newsletter":"#000000","color_newsletter_text":"#fff","color_drawer_background":"#ffffff","color_drawer_text":"#000000","color_image_text":"#ffffff","color_image_overlay":"#000000","color_image_overlay_opacity":10,"color_image_overlay_text_shadow":25,"color_small_image_bg":"#ffffff","color_large_image_bg":"#000000","type_header_font_family":"open_sans_n7","type_header_capitalize":true,"type_header_spacing":-25,"type_header_base_size":46,"type_header_line_height":1,"type_base_font_family":"open_sans_n4","type_product_capitalize":true,"type_base_spacing":0,"type_base_size":16,"type_base_line_height":1.6,"button_type_style":"caps","button_style":"round","animate_images":true,"logo_loader_image":"shopify:\/\/shop_images\/mbi_secondary_logo.png","desktop_loader_width":100,"mobile_loader_width":100,"product_hover_details":false,"product_hover_image":true,"product_image_scatter":false,"product_grid_image_size":"natural","enable_product_reviews_collection":false,"quick_shop_enable":false,"product_image_size":"small","cart_type":"page","cart_icon":"cart","cart_additional_buttons":true,"social_instagram_link":"https:\/\/instagram.com\/wearemadebyiron","social_facebook_link":"https:\/\/www.facebook.com\/wearemadebyiron","social_pinterest_link":"","share_facebook":false,"share_twitter":false,"share_pinterest":false,"favicon":"shopify:\/\/shop_images\/mbi_favicon_white.png","checkout_logo_image":"shopify:\/\/shop_images\/MBI_Logo_1.png","checkout_logo_position":"left","checkout_logo_size":"medium","checkout_body_background_color":"#ffffff","checkout_input_background_color_mode":"white","checkout_sidebar_background_color":"#fafafa","checkout_heading_font":"Open Sans","checkout_body_font":"Open Sans","checkout_accent_color":"#111111","checkout_button_color":"#111111","checkout_error_color":"#ff6d6d","animate_page_transition_style":"page-logo","checkout_banner_background_color":"#ffffff","checkout_call_to_action_color":"#a26b25","checkout_use_header_image":false,"product_video_style":"muted","reviews_layout":"full","sections":{"header":{"type":"header","settings":{"header_style":"bar","main_menu_alignment":"left-center","sticky_index":true,"sticky_collection":false,"header_search_enable":true,"desktop_logo_width":160,"mobile_logo_width":100,"logo_hide_mobile":true,"main_menu_link_list":"main-menu","show_announcement":false,"show_announcement_home_only":false,"announcement_text":"Free shipping and returns","announcement_link":""}},"footer":{"type":"footer","settings":{"show_newsletter":false,"newsletter_title":"Join the club","newsletter_richtext":"","show_locale_selector":false,"show_currency_selector":true,"show_currency_flags":true,"show_social_icons":true,"menu":"footer","show_payment_icons":true,"show_copyright":true,"copyright_text":""}},"collection-template":{"type":"collection-template","settings":{"per_row_desktop":3,"per_row_mobile":"2-flush","description_bottom":false}},"product-template":{"type":"product-template","settings":{"product_image_size":"large","product_image_type":"slider","product_zoom_enable":true,"enable_video_looping":false,"product_video_style":"muted","enable_payment_button":true,"product_shipping_callout":"","variant_type":"dropdown","variant_labels_enable":true,"sku_enable":false,"inventory_enable":false,"inventory_threshold":10,"inventory_transfers_enable":false,"quantity_enable":true,"surface_pickup_enable":false,"social_enable":false}},"article-template":{"type":"article-template","settings":{"blog_show_image":true,"blog_show_tags":true,"blog_show_date":true,"blog_show_comments":true,"blog_show_author":false,"social_sharing_blog":true}},"blog-template":{"type":"blog-template","settings":{"blog_show_tag_filter":true,"blog_show_rss":false,"blog_show_tags":true,"blog_show_date":true,"blog_show_comments":true,"blog_show_author":false}},"product-sections":{"type":"product-sections","settings":{}},"page-sections-template":{"type":"page-sections-template","blocks":{"1559681273277":{"type":"image-hero","settings":{"title_size":80,"text_align":"vertical-center horizontal-center"}},"1558643031646":{"type":"text-and-image","settings":{"image_width":450,"button_style":"primary","layout":"right"}},"1558643392013":{"type":"map","settings":{}},"1558643431127":{"type":"collection-slider","settings":{"per_row":"large"}},"1558643225272":{"type":"hero-video","settings":{"title":"Keep it short\nand sweet.","title_size":60,"subheading":"Explain your brand in more depth on your product pages","text_align":"vertical-center horizontal-center","section_height":"750px","mobile_height":"100vh"}}},"block_order":["1559681273277","1558643031646","1558643392013","1558643431127","1558643225272"],"settings":{"page_title_enable":false,"page_content_enable":true}},"newsletter-popup":{"type":"newsletter-popup","settings":{"mode":"disabled","popup_seconds":5,"popup_days":30,"popup_title":"Sign up and save","popup_text":"<p>Entice customers to sign up for your mailing list with discounts or exclusive offers.<\/p>","enable_newsletter":true,"button_label":"","button_link":""}},"list-collections-template":{"type":"list-collections-template","settings":{"title_enable":false,"display_type":"all","sort":"alphabetical"}},"1558626745581":{"type":"featured-content","settings":{"title":"ABOUT US","text":"<p><strong>Welcome to our demo shop.<\/strong><\/p>","align_text":"center","narrow_column":true,"enlarge_text":false,"alt":false}},"product-recommendations":{"type":"product-recommendations","settings":{"show_product_recommendations":true,"product_recommendations_heading":"ADD TO THE COLLECTION","per_row":"small"}},"social":{"type":"social","blocks":{"e41f3cc6-ac78-4129-aeda-31284f9fd7a1":{"type":"post","settings":{"link":"","product":"","account":"","caption":"","likes":""}}},"block_order":["e41f3cc6-ac78-4129-aeda-31284f9fd7a1"],"settings":{"enable_home":false,"enable_product":false,"enable_collection":false,"title":"On social","description":"<p>Send us yours <a href=\"https:\/\/instagram.com\/youraccount\/\">@youraccount<\/a><\/p>"}},"1623152541d2a8e75e":{"type":"slideshow","blocks":{"16231525415581b7d5-0":{"type":"image","settings":{"title":"RB Demo Shop","title_size":70,"subheading":"","link":"","link_text":"","color_accent":"rgba(0,0,0,0)","text_align":"vertical-center horizontal-center","image":"shopify:\/\/shop_images\/clothes-hangers-on-a-rail.jpg","image_mobile":"shopify:\/\/shop_images\/clothes-hangers-on-a-rail.jpg","focal_point":"center center"}}},"block_order":["16231525415581b7d5-0"],"settings":{"style":"minimal","desktop_size":0,"mobile_size":-80,"autoplay":false,"autoplay_speed":5}},"password-header":{"type":"password-header","settings":{"logo":"shopify:\/\/shop_images\/mbi_logo_white.png","desktop_logo_width":190,"mobile_logo_width":140}},"password-content":{"type":"password-content","settings":{"title":"WE'LL BE RIGHT BACK","show_password_message":false,"text":"<p>We're making a few adjustments to our site. Sign up below to be notified once we're back.<\/p>","newsletter_enable":true,"newsletter_placeholder":"","newsletter_button_text":"Submit","show_share_buttons":false,"show_image":true,"image":"shopify:\/\/shop_images\/weight-rack.jpg"}},"collection-header":{"type":"collection-header","settings":{"collection_image_enable":false,"description_enable":false}},"collection-filters":{"type":"collection-filters","blocks":{"0f4312f9-f1cd-4370-b945-72220f8b9efc":{"type":"color_group","settings":{"title":"Font Color","tag_list":"White\nBlack\nRed\nYellow"}}},"block_order":["0f4312f9-f1cd-4370-b945-72220f8b9efc"],"settings":{"filter_type":"groups","tags_combine":true,"collection_sort_enable":false}},"page-contact-template":{"type":"page-contact-template","blocks":{"page-contact-template-0":{"type":"contact-form","settings":{"title":"","show_phone":false,"narrow_column":true}}},"block_order":["page-contact-template-0"],"settings":{"page_title_enable":true,"page_content_enable":true}},"16266202083cd0045c":{"type":"featured-collections","blocks":{"16266202083cd0045c-0":{"type":"collection","settings":{"collection":"clothing","focal_point":"center center"}},"16266202083cd0045c-1":{"type":"collection","settings":{"collection":"supplements","focal_point":"center center"}}},"block_order":["16266202083cd0045c-0","16266202083cd0045c-1"],"settings":{"title":"SHOP NOW","alt":true}},"1626620236e6e6c002":{"type":"featured-product","settings":{"featured_product":"classic-cutoff","product_image_type":"stacked","enable_video_looping":false,"product_video_style":"muted","show_description":true,"enable_payment_button":true,"product_shipping_callout":"Here is a special callout!","variant_type":"button","variant_labels_enable":true,"sku_enable":false,"inventory_enable":false,"inventory_threshold":10,"inventory_transfers_enable":false,"quantity_enable":false}}},"content_for_index":["1623152541d2a8e75e","1558626745581","16266202083cd0045c","1626620236e6e6c002"]},"presets":{"Core":{"animate_images":true,"animate_page_transition_style":"page-logo","button_style":"round","button_type_style":"normal","cart_type":"sticky","checkout_accent_color":"#111111","checkout_banner_background_color":"#ffffff","checkout_body_background_color":"#ffffff","checkout_body_font":"Helvetica Neue","checkout_button_color":"#111111","checkout_call_to_action_color":"#a26b25","checkout_error_color":"#ff6d6d","checkout_heading_font":"Helvetica Neue","checkout_input_background_color_mode":"white","checkout_logo_position":"left","checkout_logo_size":"medium","checkout_sidebar_background_color":"#fafafa","checkout_use_header_image":false,"color_alt_bg":"#f9f9f9","color_alt_text":"#000000","color_announcement":"#000000","color_announcement_text":"#ffffff","color_body_bg":"#ffffff","color_body_text":"#000000","color_button":"#000000","color_button_text":"#ffffff","color_cart_dot":"#f75d44","color_cart_dot_text":"#ffffff","color_drawer_background":"#ffffff","color_drawer_text":"#000000","color_image_overlay":"#000000","color_image_overlay_opacity":10,"color_image_overlay_text_shadow":20,"color_image_text":"#ffffff","color_large_image_bg":"#000000","color_newsletter":"#000000","color_newsletter_text":"#fff","color_sale_price":"#000000","color_sale_tag":"#990000","color_small_image_bg":"#ffffff","desktop_loader_width":100,"mobile_loader_width":100,"product_grid_image_size":"natural","product_hover_details":false,"product_hover_image":true,"product_image_scatter":false,"product_video_style":"muted","reviews_layout":"full","social_facebook_link":"https:\/\/www.facebook.com\/shopify","social_instagram_link":"https:\/\/instagram.com\/shopify","social_pinterest_link":"https:\/\/www.pinterest.com\/shopify","type_base_font_family":"roboto_condensed_n4","type_base_line_height":1.6,"type_base_size":18,"type_base_spacing":"25","type_header_base_size":46,"type_header_capitalize":true,"type_header_font_family":"roboto_condensed_i7","type_header_line_height":1,"type_header_spacing":"-25","type_product_capitalize":false,"sections":{"header":{"type":"header","settings":{"sticky_index":true,"sticky_collection":false,"header_search_enable":true,"show_announcement":false,"show_announcement_home_only":false}},"footer":{"type":"footer","settings":{"show_newsletter":true,"show_social_icons":true,"menu":"footer","newsletter_title":"Join the club","newsletter_richtext":"","show_payment_icons":false,"show_copyright":false}},"collection-template":{"type":"collection-template","settings":{"per_row_desktop":3}},"product-template":{"type":"product-template","settings":{}},"article-template":{"type":"article-template","settings":{"blog_show_image":true,"blog_show_tags":true,"blog_show_date":true,"blog_show_comments":true,"blog_show_author":false,"social_sharing_blog":true}},"blog-template":{"type":"blog-template","settings":{"blog_show_tag_filter":true,"blog_show_rss":false,"blog_show_tags":true,"blog_show_date":true,"blog_show_comments":true,"blog_show_author":false}},"product-sections":{"type":"product-sections","blocks":{"product-text-columns":{"type":"text-columns","settings":{"title":"Why choose us?","align_text":"center","alt":true,"enable_image_1":false,"image_width_1":650,"title_1":"Reason one","text_1":"<p>Use this section to explain your company philosophy or standards. Add images for emphasis. This content will appear on all products.<\/p>","enable_image_2":false,"image_width_2":650,"title_2":"Reason two","text_2":"<p>Use this section to explain your company philosophy or standards. Add images for emphasis. This content will appear on all products.<\/p>","enable_image_3":false,"image_width_3":650,"title_3":"","text_3":""}},"product-text-and-image":{"type":"text-and-image","settings":{"image_width":700,"text":"<p>Pair large text with an image to tell a story, explain a detail about your products, or describe a new promotion.<\/p>","button_style":"primary","layout":"right"}},"product-background-image-text":{"type":"background-image-text","settings":{"layout":"right"}}},"block_order":["product-text-columns","product-text-and-image","product-background-image-text"],"settings":{}},"page-sections-template":{"type":"page-sections-template","blocks":{"1559681273277":{"type":"image-hero","settings":{"title_size":80,"text_align":"vertical-center horizontal-center"}},"1558643031646":{"type":"text-and-image","settings":{"image_width":450,"button_style":"primary","layout":"right"}},"1558643392013":{"type":"map","settings":{}},"1558643431127":{"type":"collection-slider","settings":{"per_row":"large"}},"1558643225272":{"type":"hero-video","settings":{"title":"Keep it short\nand sweet.","title_size":60,"subheading":"Explain your brand in more depth on your product pages","text_align":"vertical-center horizontal-center","section_height":"750px","mobile_height":"100vh"}}},"block_order":["1559681273277","1558643031646","1558643392013","1558643431127","1558643225272"],"settings":{"page_title_enable":false,"page_content_enable":true}},"newsletter-popup":{"type":"newsletter-popup","settings":{"mode":"disabled","popup_seconds":5,"popup_days":30,"enable_newsletter":true}},"1543003878234":{"type":"featured-collections","blocks":{"1543003878234-0":{"type":"collection","settings":{}},"1543003878234-1":{"type":"collection","settings":{}},"1543003878234-2":{"type":"collection","settings":{}},"1543003878234-3":{"type":"collection","settings":{}}},"block_order":["1543003878234-0","1543003878234-1","1543003878234-2","1543003878234-3"],"settings":{"alt":true,"title":"Shop all"}},"list-collections-template":{"type":"list-collections-template","settings":{}},"1556162802939":{"type":"featured-collection","settings":{"per_row_desktop":4,"per_row_mobile":"2","description":"For more traditional layouts"}},"1556162914490":{"type":"featured-collection-slider","settings":{"description":"With infinite scrolling"}},"1558626745581":{"type":"featured-content","settings":{"align_text":"center","narrow_column":true,"enlarge_text":true}},"1559096311192":{"type":"hero-animated","blocks":{"1559096311192-0":{"type":"image","settings":{}},"1559097202495":{"type":"image","settings":{}}},"block_order":["1559096311192-0","1559097202495"],"settings":{"style":"gif","title":"Make an impression","title_size":80,"text_align":"vertical-center horizontal-center"}},"1559098181700":{"type":"slideshow","blocks":{"1559098181700-0":{"type":"image","settings":{"title_size":80,"text_align":"vertical-bottom horizontal-left"}}},"block_order":["1559098181700-0"],"settings":{}},"1559321610782":{"type":"hero-video","settings":{"title":"Keep it short\nand sweet.","title_size":80,"subheading":"Explain your brand in more depth on your product pages","text_align":"vertical-bottom horizontal-center","section_height":"750px","mobile_height":"100vh"}},"product-recommendations":{"type":"product-recommendations","settings":{"show_product_recommendations":true}},"1559585995085":{"type":"featured-collection-slider","settings":{"description":"With infinite scrolling"}},"1559586187853":{"type":"marquee","settings":{"text":"Follow us for monthly apparel giveaways","text_size":36}},"1559687247066":{"type":"text-and-image","settings":{"image_width":700,"button_label":"Our story","button_style":"secondary","layout":"right"}},"1559687361077":{"type":"text-and-image","settings":{"image_width":700,"button_label":"Contact us","button_style":"secondary","layout":"left"}},"1559687710135":{"type":"map","settings":{}}},"content_for_index":["1559321610782","1559585995085","1558626745581","1559096311192","1556162914490","1559098181700","1556162802939","1543003878234","1559687247066","1559687361077","1559687710135","1559586187853"]},"Luxe":{"animate_images":true,"animate_page_transition_style":"page-logo","button_style":"shadow","cart_type":"sticky","checkout_accent_color":"#111111","checkout_banner_background_color":"#ffffff","checkout_body_background_color":"#ffffff","checkout_body_font":"Helvetica Neue","checkout_button_color":"#111111","checkout_call_to_action_color":"#a26b25","checkout_error_color":"#ff6d6d","checkout_heading_font":"Helvetica Neue","checkout_input_background_color_mode":"white","checkout_logo_position":"left","checkout_logo_size":"medium","checkout_sidebar_background_color":"#fafafa","checkout_use_header_image":false,"color_alt_bg":"#ffffff","color_alt_text":"#333029","color_announcement":"#c67066","color_announcement_text":"#ffffff","color_body_bg":"#fdfbfa","color_body_text":"#333029","color_button":"#c67066","color_button_text":"#ffffff","color_cart_dot":"#c67066","color_drawer_background":"#fdf9f5","color_drawer_text":"#333029","color_image_bg":"#000000","color_image_overlay":"#000000","color_image_overlay_opacity":10,"color_image_text":"#ffffff","color_large_image_bg":"#eee5e0","color_newsletter":"#c67066","color_newsletter_text":"#ffffff","color_sale_price":"#333029","color_sale_tag":"#c67066","color_small_image_bg":"#fdfbfa","desktop_loader_width":140,"mobile_loader_width":130,"product_grid_image_size":"natural","product_hover_details":true,"product_hover_image":true,"product_image_scatter":false,"product_video_style":"muted","reviews_layout":"full","social_facebook_link":"https:\/\/www.facebook.com\/shopify","social_instagram_link":"https:\/\/instagram.com\/shopify","social_pinterest_link":"https:\/\/www.pinterest.com\/shopify","type_base_font_family":"futura_n4","type_base_line_height":1.7,"type_base_size":18,"type_base_spacing":"25","type_header_base_size":50,"type_header_capitalize":false,"type_header_font_family":"itc_novarese_n5","type_header_line_height":1.1,"type_header_spacing":"0","type_product_capitalize":false,"sections":{"header":{"type":"header","settings":{"sticky_index":true,"sticky_collection":true,"header_search_enable":true,"show_announcement":true,"show_announcement_home_only":false}},"footer":{"type":"footer","settings":{"show_newsletter":true,"show_social_icons":true,"show_payment_icons":false,"show_copyright":false}},"collection-template":{"type":"collection-template","settings":{"per_row_desktop":3}},"product-template":{"type":"product-template","settings":{}},"article-template":{"type":"article-template","settings":{"blog_show_image":false,"blog_show_tags":true,"blog_show_date":false,"blog_show_comments":true,"blog_show_author":false,"social_sharing_blog":false}},"blog-template":{"type":"blog-template","settings":{"blog_show_tag_filter":true,"blog_show_rss":false,"blog_show_tags":true,"blog_show_date":false,"blog_show_comments":true,"blog_show_author":false}},"product-sections":{"type":"product-sections","blocks":{"product-text-columns":{"type":"text-columns","settings":{"title":"Why choose us?","align_text":"center","alt":true,"enable_image_1":false,"image_width_1":650,"title_1":"Reason one","text_1":"<p>Use this section to explain your company philosophy or standards. Add images for emphasis. This content will appear on all products.<\/p>","enable_image_2":false,"image_width_2":650,"title_2":"Reason two","text_2":"<p>Use this section to explain your company philosophy or standards. Add images for emphasis. This content will appear on all products.<\/p>","enable_image_3":false,"image_width_3":650,"title_3":"","text_3":""}},"product-text-and-image":{"type":"text-and-image","settings":{"image_width":700,"text":"<p>Pair large text with an image to tell a story, explain a detail about your products, or describe a new promotion.<\/p>","button_style":"primary","layout":"right"}},"product-background-image-text":{"type":"background-image-text","settings":{"layout":"right"}}},"block_order":["product-text-columns","product-text-and-image","product-background-image-text"],"settings":{}},"page-sections-template":{"type":"page-sections-template","blocks":{"1558643031646":{"type":"text-and-image","settings":{"image_width":400,"button_style":"primary","layout":"right"}},"1558643225272":{"type":"hero-video","settings":{"title":"Keep it short\nand sweet.","title_size":47,"subheading":"Explain your brand in more depth on your product pages","text_align":"vertical-center horizontal-center","section_height":"750px","mobile_height":"100vh"}},"1558643431127":{"type":"collection-slider","settings":{"per_row":"small"}},"1558643392013":{"type":"map","settings":{}}},"block_order":["1558643031646","1558643225272","1558643431127","1558643392013"],"settings":{"page_title_enable":true,"page_content_enable":true}},"newsletter-popup":{"type":"newsletter-popup","settings":{"mode":"disabled","popup_seconds":5,"popup_days":30,"enable_newsletter":true}},"list-collections-template":{"type":"list-collections-template","settings":{"title_enable":true,"display_type":"all"}},"1555097143929":{"type":"text-and-image","settings":{"image_width":700,"button_style":"btn","layout":"right"}},"1555439851826":{"type":"background-image-text","settings":{"color_border":"#4f1c3a","layout":"right"}},"1556162802939":{"type":"featured-collection-slider","settings":{}},"1556162914490":{"type":"featured-collection-slider","settings":{}},"1558625522348":{"type":"background-image-text","settings":{"color_border":"#4f1c3a","layout":"left"}},"1558626497917":{"type":"hero-video","settings":{"title":"Keep it short\nand sweet.","title_size":80,"subheading":"Explain your brand in more depth on your product pages","text_align":"vertical-center horizontal-center","section_height":"750px","mobile_height":"100vh"}},"1558626745581":{"type":"featured-content","settings":{"align_text":"center","narrow_column":true,"enlarge_text":true}},"1559155590855":{"type":"text-columns","blocks":{"1559155590855-0":{"type":"text_block","settings":{"enable_image":false,"title":"Reason one"}},"1559155590855-1":{"type":"text_block","settings":{"enable_image":false,"title":"Reason two"}}},"block_order":["1559155590855-0","1559155590855-1"],"settings":{"title":"Why choose us?","align_text":"center","alt":true}},"password-header":{"type":"password-header","settings":{}},"password-content":{"type":"password-content","settings":{"newsletter_enable":true,"show_share_buttons":false,"show_image":true}},"product-recommendations":{"type":"product-recommendations","settings":{"show_product_recommendations":true,"per_row":"small"}}},"content_for_index":["1558626497917","1556162914490","1558626745581","1555097143929","1555439851826","1559155590855","1556162802939","1558625522348"]},"Hype":{"animate_images":false,"animate_page_transition_style":"page-logo","button_style":"shadow","cart_type":"sticky","checkout_accent_color":"#111111","checkout_body_background_color":"#ffffff","checkout_body_font":"Helvetica Neue","checkout_button_color":"#111111","checkout_error_color":"#ff6d6d","checkout_heading_font":"Helvetica Neue","checkout_input_background_color_mode":"white","checkout_logo_position":"left","checkout_logo_size":"medium","checkout_sidebar_background_color":"#fafafa","color_alt_bg":"#000000","color_alt_text":"#ffffff","color_announcement":"#000000","color_announcement_text":"#ffffff","color_body_bg":"#ffffff","color_cart_dot":"#FF2300","color_drawer_background":"#ffffff","color_drawer_text":"#000000","color_image_bg":"#000000","color_image_overlay":"#000000","color_image_overlay_opacity":10,"color_image_text":"#ffffff","color_large_image_bg":"#000000","color_newsletter":"#000000","color_newsletter_text":"#ffffff","color_small_image_bg":"#f2f2f2","desktop_loader_width":190,"mobile_loader_width":180,"product_grid_image_size":"natural","product_hover_details":false,"product_hover_image":true,"product_image_scatter":true,"product_video_style":"muted","reviews_layout":"full","social_facebook_link":"https:\/\/www.facebook.com\/shopify","social_instagram_link":"https:\/\/instagram.com\/shopify","social_pinterest_link":"https:\/\/www.pinterest.com\/shopify","type_base_font_family":"basic_commercial_n7","type_base_line_height":1.3,"type_base_size":20,"type_base_spacing":"25","type_header_base_size":48,"type_header_capitalize":true,"type_header_font_family":"basic_commercial_n7","type_header_line_height":0.9,"type_header_spacing":"25","type_product_capitalize":true,"sections":{"header":{"type":"header","settings":{"sticky_index":true,"sticky_collection":true,"header_search_enable":true,"show_announcement":false}},"footer":{"type":"footer","settings":{"show_newsletter":false}},"collection-template":{"type":"collection-template","settings":{"per_row_desktop":3}},"product-template":{"type":"product-template","settings":{}},"article-template":{"type":"article-template","settings":{"blog_show_image":true,"blog_show_tags":true,"blog_show_date":true,"blog_show_comments":true,"blog_show_author":false,"social_sharing_blog":true}},"blog-template":{"type":"blog-template","settings":{"blog_show_tag_filter":true,"blog_show_rss":false,"blog_show_tags":true,"blog_show_date":true,"blog_show_comments":true,"blog_show_author":false}},"product-sections":{"type":"product-sections","blocks":{"product-text-columns":{"type":"text-columns","settings":{"title":"Why choose us?","align_text":"center","alt":true,"enable_image_1":false,"image_width_1":650,"title_1":"Reason one","text_1":"<p>Use this section to explain your company philosophy or standards. Add images for emphasis. This content will appear on all products.<\/p>","enable_image_2":false,"image_width_2":650,"title_2":"Reason two","text_2":"<p>Use this section to explain your company philosophy or standards. Add images for emphasis. This content will appear on all products.<\/p>","enable_image_3":false,"image_width_3":650,"title_3":"","text_3":""}},"product-text-and-image":{"type":"text-and-image","settings":{"image_width":700,"text":"<p>Pair large text with an image to tell a story, explain a detail about your products, or describe a new promotion.<\/p>","button_style":"primary","layout":"right"}},"product-background-image-text":{"type":"background-image-text","settings":{"layout":"right"}}},"block_order":["product-text-columns","product-text-and-image","product-background-image-text"],"settings":{}},"page-sections-template":{"type":"page-sections-template","blocks":{"1558643031646":{"type":"text-and-image","settings":{"image_width":400,"button_style":"primary","layout":"right"}},"1558643431127":{"type":"collection-slider","settings":{"per_row":"small"}}},"block_order":["1558643031646","1558643431127"],"settings":{"page_title_enable":true,"page_content_enable":true}},"newsletter-popup":{"type":"newsletter-popup","settings":{"mode":"disabled","popup_seconds":5,"popup_days":30,"enable_newsletter":true}},"list-collections-template":{"type":"list-collections-template","settings":{}},"1555097143929":{"type":"text-and-image","settings":{}},"1556162802939":{"type":"featured-collection-slider","settings":{}},"1556162914490":{"type":"featured-collection-slider","settings":{}},"1559240039950":{"type":"hero-animated","blocks":{"1559240039950-0":{"type":"image","settings":{}},"1559240039950-1":{"type":"image","settings":{}},"1559309176406":{"type":"image","settings":{}}},"block_order":["1559240039950-0","1559240039950-1","1559309176406"],"settings":{"style":"gif","title_size":72,"text_align":"vertical-bottom horizontal-right"}},"1559241610369":{"type":"marquee","settings":{"text":"☞ FREE SHIPPING AND RETURNS","text_size":70,"text_spacing":true,"color_scheme":"text","direction":"left"}},"product-recommendations":{"type":"product-recommendations","settings":{"show_product_recommendations":true,"per_row":"large"}},"1559249041610":{"type":"hero-video","settings":{"title":"Keep it short\nand sweet.","title_size":80,"subheading":"Explain your brand in more depth on your product pages","text_align":"vertical-bottom horizontal-left","section_height":"750px","mobile_height":"100vh"}}},"content_for_index":["1559240039950","1555097143929","1559241610369","1556162914490","1559249041610","1556162802939"]}}}